1,2,3,4,5,6,7,8,9,10,11,12,13,14,15,16,17,18,19,20,21,22,23,24,25,26,27,28,29,30,31,32,33,34,35,36,37,38,39,40,41,42,43,44,45,46,47,48,49,50,51,52,53,54,55,56,57,58,59,60,61,62,63,64,65,66,67,68,69,70,71,72,73,74,75,76,77,78,79,80,81,82,83,84,85,86,87,88,Moisture,Fat,Test1,Test2,Test3,Test4,Test5,Test6,Test7,Test8,Test9,Test10,Test11,Test12,Test13,Test14,Test15,Test16,Test17,Test18,Test19,Test20,Test21,Test22,Test23,Test24,Test25,Test26,Test27,Test28,Test29,Test30,Test31,Test32,Test33,Test34,Test35,Test36,Test37,Test38,Test39,Test40,Test41,Test42,Test43,Test44,Test45,Test46,Test47,Test48,Test49,Test50,Test51,Test52,Test53,Test54,Test55,Test56,Test57,Test58,Test59,Test60,Test61,Test62,Test63,Test64,Test65,Test66,Test67,Test68,Test69,Test70,Test71,Test72,Test73,Test74,Test75,Test76,Test77,Test78,Test79,Test80,Test81,Test82,Test83,Test84,Test85,Test86,Test87,Test88,Moisture2,Fat2
-0.023460001,-0.022321001,-0.011371,0.017618001,0.051994,0.073910996,0.089845002,0.088450998,0.060332999,0.039533999,0.029812999,0.027367,0.024512,0.025526,0.034286998,0.052377999,0.078263,0.104998,0.141454995,0.194203004,0.255784005,0.296442002,0.313928008,0.320239008,0.319182992,0.316168994,0.306975991,0.295729011,0.284332991,0.276205987,0.269926012,0.259721994,0.247905999,0.237274006,0.229626,0.231606007,0.248444006,0.288755,0.331422001,0.347039998,0.327603012,0.32674101,0.313879013,0.299457997,0.290666014,0.281623006,0.271773994,0.265345991,0.276199997,0.326705009,0.435981989,0.538429022,0.582539976,0.578540027,0.554831982,0.529736996,0.502662003,0.483716995,0.483042985,0.504436016,0.520018995,0.510636985,0.505285978,0.506280005,0.509451985,0.515929997,0.520277977,0.522087991,0.513067007,0.499383986,0.486182004,0.487870008,0.521241009,0.572228015,0.60473001,0.643323004,0.638824999,0.628504992,0.651928008,0.634003997,0.632098019,0.633451998,0.640304029,0.652912974,0.671835005,0.696097016,0.710657001,0.713940024,9.899999619,22.39999962,-0.00255,-0.000482,0.013462,0.049685001,0.090493999,0.115313001,0.132703006,0.130344003,0.099114999,0.076502003,0.065840997,0.063239001,0.060961001,0.064037003,0.077008002,0.100841001,0.131476,0.162937,0.211633995,0.286927998,0.366614014,0.415194988,0.434922993,0.440694988,0.435947001,0.427578002,0.412788004,0.396957994,0.381823987,0.370440006,0.361155987,0.348168999,0.333983004,0.321269989,0.312133014,0.313944012,0.332331985,0.376978993,0.424425006,0.442182988,0.421999008,0.422134996,0.409229994,0.394214004,0.384277999,0.37390101,0.36333999,0.358592987,0.378228009,0.452549011,0.596204996,0.718043983,0.766539991,0.760286987,0.731063008,0.698418975,0.664269984,0.638835013,0.63249898,0.649004996,0.660781026,0.648356021,0.640320003,0.638925016,0.640302002,0.645558,0.648826003,0.649845004,0.639361978,0.624035001,0.609229028,0.611082017,0.646853983,0.700941026,0.735746026,0.775582016,0.772729993,0.763855994,0.788562,0.773126006,0.773030996,0.777086973,0.786830008,0.802631974,0.824514985,0.850987017,0.867327988,0.872910023,13.5,18.10000038
0.004122,0.005826,0.019122999,0.054248001,0.093938999,0.117926002,0.135242999,0.133214995,0.101888999,0.079112001,0.068384998,0.065706,0.063421004,0.066321,0.078805998,0.101873003,0.131705001,0.162608996,0.210572004,0.283863008,0.361575007,0.408643991,0.427619994,0.433016002,0.427870989,0.419643015,0.405505002,0.389856011,0.374572992,0.363169998,0.353890002,0.340986013,0.327015996,0.314565003,0.305786997,0.307969004,0.326622993,0.372236997,0.421808988,0.439922988,0.417993009,0.418359995,0.404763997,0.389178991,0.379157007,0.36885801,0.358444989,0.353677988,0.373109013,0.447714001,0.594749987,0.721287012,0.771903992,0.765076995,0.734371007,0.70025301,0.664475024,0.638104975,0.631690025,0.649353027,0.661574006,0.64763999,0.638803005,0.637525022,0.639483988,0.645806015,0.649949014,0.651601017,0.640942991,0.624971986,0.609499991,0.610971987,0.64882499,0.706914008,0.744418979,0.788540006,0.784332991,0.77432102,0.801509976,0.784102023,0.784228027,0.788272023,0.798126996,0.814005971,0.836221993,0.863767982,0.880623996,0.886152029,14,19.79999924,-0.020648001,-0.019668,-0.008954,0.018161001,0.049088001,0.069769003,0.082597002,0.079273999,0.055689,0.038596001,0.030383,0.028803,0.026404999,0.027504001,0.035886999,0.052901,0.076909997,0.101195999,0.134542003,0.185269997,0.243875995,0.282857001,0.30032301,0.307287008,0.307099015,0.305182993,0.297304988,0.286671996,0.27521199,0.267024994,0.260885,0.250999004,0.239649996,0.229524002,0.222038999,0.223372996,0.239441007,0.275667995,0.310577989,0.324003011,0.309395999,0.30725801,0.295543999,0.283347011,0.275546014,0.267259002,0.258313,0.252903014,0.264201999,0.313890994,0.420320988,0.520865023,0.565115988,0.562753022,0.541097999,0.518204987,0.492069006,0.473181993,0.472243995,0.493140996,0.507580996,0.496490985,0.489960015,0.490473986,0.493809015,0.501429021,0.508018017,0.51128602,0.503647983,0.491059005,0.477194011,0.476801992,0.506295979,0.552532017,0.581652999,0.613080978,0.60897702,0.600879014,0.619780004,0.605064988,0.602410972,0.603825986,0.611021996,0.624185026,0.643649995,0.668219984,0.682407975,0.685809016,9,15.60000038
-0.000544,0.001233,0.01471,0.050082002,0.090107001,0.114501998,0.131735995,0.129283994,0.097622,0.074715003,0.063995004,0.061521001,0.059383001,0.062339,0.074853003,0.097960003,0.127940998,0.158969,0.207178995,0.280167997,0.356671989,0.402534008,0.421018988,0.42632401,0.421593994,0.414043009,0.400563985,0.385390014,0.370242,0.358853012,0.349720001,0.337056994,0.323513001,0.311502993,0.303012997,0.305447012,0.324580997,0.370218992,0.418677986,0.436448008,0.415219009,0.415033013,0.4014,0.385881007,0.376002997,0.365824997,0.355531007,0.350883007,0.370047003,0.442739993,0.584428012,0.704921007,0.753325999,0.747160971,0.718111992,0.686116993,0.652242005,0.627175987,0.621178985,0.638499975,0.650041997,0.635599017,0.626403987,0.625015974,0.627290011,0.634294987,0.639362991,0.641719997,0.63212502,0.617160976,0.602082014,0.603214979,0.639207006,0.694564998,0.730551004,0.772713006,0.767961025,0.757439017,0.783734977,0.766669989,0.766819,0.770653009,0.780170977,0.795355022,0.816519022,0.843182981,0.85896802,0.863977015,13.69999981,19.70000076,-0.002764,-0.001294,0.010637,0.043120001,0.080866002,0.104262002,0.121276997,0.119539999,0.088916004,0.066734999,0.056382,0.053730998,0.051394999,0.053939998,0.065580003,0.087480001,0.116311997,0.146372005,0.192818999,0.264279991,0.341789007,0.389602989,0.409132987,0.414804012,0.409960002,0.402146995,0.388233006,0.372779995,0.357620001,0.346358001,0.337163001,0.324335992,0.310371012,0.29797101,0.289038003,0.291126013,0.310007989,0.356509,0.407435,0.426903009,0.404067993,0.404125005,0.389878988,0.373555005,0.363222003,0.352620006,0.341757,0.336531997,0.355432004,0.429540008,0.579446971,0.711345017,0.765263975,0.758711994,0.726759017,0.691353023,0.654290021,0.626994014,0.620857,0.640127003,0.653544009,0.639032006,0.629922986,0.628820002,0.631164014,0.638130009,0.642745018,0.644631982,0.633606017,0.616846979,0.60076201,0.602728009,0.642771006,0.70470798,0.745287001,0.793595016,0.788621008,0.776269972,0.80647701,0.786625981,0.786696017,0.790868998,0.801088989,0.817616999,0.840915978,0.869857013,0.887175024,0.892365992,14.89999962,19.79999924
0.015882,0.017829999,0.031661998,0.068094,0.109569997,0.135647997,0.152658001,0.148927003,0.117673002,0.095343001,0.084733002,0.082438998,0.080431998,0.084073,0.098173998,0.123709001,0.156067997,0.189376995,0.242451996,0.326545,0.413883001,0.466381013,0.487769991,0.493770987,0.48792401,0.478069991,0.462188005,0.444941998,0.427863002,0.414734006,0.404011011,0.389382988,0.373757005,0.359723002,0.349496007,0.350820988,0.370572001,0.417663992,0.466262013,0.485080004,0.465413004,0.464994997,0.451492012,0.436114997,0.425592989,0.414564997,0.403537005,0.399374992,0.42286101,0.508454979,0.671813011,0.809038997,0.86351198,0.857119024,0.824769974,0.788357973,0.749580979,0.720246971,0.712175012,0.729861021,0.741851986,0.725529015,0.714864016,0.712566972,0.713958979,0.720843017,0.72645402,0.728854001,0.718134999,0.70133698,0.683956981,0.683948994,0.722285986,0.782067001,0.819805026,0.861922979,0.858539999,0.849394023,0.875937998,0.860050976,0.860321999,0.86550802,0.877035976,0.895322025,0.919610024,0.949500024,0.968012989,0.974902988,15,15.80000019,0.049052998,0.049959999,0.060098,0.088570997,0.122184001,0.143782005,0.157857001,0.154037997,0.127256006,0.108392999,0.099330001,0.097159997,0.095230997,0.098085999,0.109862,0.131663993,0.159709007,0.189100996,0.237246007,0.315441012,0.397706986,0.447430015,0.467819989,0.473661006,0.467967987,0.458793998,0.443866998,0.427163988,0.410593003,0.397976011,0.387784004,0.374058008,0.359418005,0.346356988,0.336860001,0.338259012,0.356936008,0.401120991,0.446438015,0.464159012,0.445944995,0.445151001,0.432294995,0.417910993,0.408187002,0.397938997,0.387784004,0.384169996,0.406691015,0.48902899,0.647710979,0.781992018,0.835269988,0.829325974,0.798206985,0.763051987,0.725244999,0.696473002,0.688351989,0.705421984,0.716995001,0.700634003,0.690055013,0.687696993,0.689294994,0.696437001,0.702358007,0.704953015,0.694709003,0.678645015,0.661737025,0.661661983,0.698114991,0.755325973,0.791652978,0.831873,0.828893006,0.820060015,0.845655024,0.830774009,0.831031025,0.835955024,0.847539008,0.865234971,0.889412999,0.918883979,0.936981976,0.943686009,18.39999962,16.29999924
-0.014265,-0.013488,-0.003388,0.024359999,0.057468999,0.078266002,0.093645997,0.092370003,0.065370999,0.045311999,0.035813998,0.033179,0.030343,0.031546999,0.040619999,0.058984999,0.084587,0.111014999,0.148289993,0.204352006,0.268694997,0.310433,0.328000009,0.334028989,0.331903011,0.327243,0.316949993,0.305139989,0.293451995,0.284866005,0.277992994,0.267356008,0.255116999,0.244084001,0.236113995,0.237669006,0.253645003,0.293087989,0.335819006,0.351420999,0.332473993,0.332174987,0.320203006,0.306252003,0.297443003,0.288370013,0.278620988,0.272653014,0.285120994,0.339579999,0.454802007,0.560097992,0.603978992,0.598824978,0.573862016,0.547012985,0.518660009,0.498629004,0.496715009,0.516547978,0.531274974,0.522526026,0.51730299,0.517874003,0.520164013,0.525389016,0.528452992,0.529340029,0.519792974,0.505815983,0.492839009,0.494901002,0.52847302,0.579391003,0.61134398,0.649379015,0.645916998,0.636713982,0.659762979,0.642961979,0.641471982,0.643467009,0.651076019,0.66464299,0.684334993,0.709075987,0.724366009,0.72835201,11.39999962,22.20000076,0.009485,0.011609,0.026294,0.064319,0.106650002,0.132805005,0.149951994,0.146284998,0.114712998,0.092065997,0.081281997,0.078988001,0.077068999,0.080868997,0.095279999,0.121073,0.153524995,0.186772004,0.240060002,0.323810011,0.409419,0.460056007,0.480450988,0.485962004,0.480125994,0.470452011,0.454569012,0.437563986,0.420756012,0.407927007,0.397332013,0.383042008,0.367841005,0.354268014,0.344368994,0.345957995,0.365536004,0.411931008,0.459589988,0.477753013,0.458243996,0.457998008,0.444727004,0.429697007,0.419441998,0.408677995,0.397967011,0.39408201,0.417499006,0.501305997,0.657202005,0.784578979,0.83456701,0.828404009,0.798458993,0.764571011,0.728487015,0.701097012,0.693440974,0.70954299,0.72021699,0.704630017,0.69453001,0.692281008,0.69373399,0.700384021,0.705627978,0.707976997,0.69806999,0.682437003,0.666208983,0.666665971,0.702509999,0.758333027,0.793587029,0.833130002,0.829621971,0.821308017,0.84612298,0.831481993,0.831945002,0.836731017,0.847510994,0.864346027,0.886842012,0.91445899,0.931544006,0.937530994,15.80000019,16.20000076
-0.021655001,-0.020292999,-0.008861,0.021392001,0.056366,0.077959999,0.093282998,0.091218002,0.063722998,0.043710001,0.034237999,0.031876002,0.029429,0.031296998,0.041413002,0.061014999,0.087415002,0.114480004,0.153889,0.213760003,0.280151993,0.322218001,0.339729995,0.345315993,0.342339993,0.337072998,0.326317996,0.313820988,0.30153501,0.292519003,0.28521201,0.274381995,0.262254,0.251345009,0.243515,0.245416999,0.261992008,0.30200401,0.344388008,0.359387994,0.340799987,0.340543985,0.328278989,0.314469993,0.305561006,0.29627201,0.286646009,0.281387001,0.295525998,0.354317009,0.47477901,0.583256006,0.628476977,0.623265982,0.597212017,0.568922997,0.539228976,0.517922998,0.514643014,0.533146024,0.546450973,0.535987973,0.529623985,0.529507995,0.531798005,0.537774026,0.541571975,0.543084979,0.533542991,0.519469976,0.505972982,0.50751102,0.54093802,0.591738999,0.624107003,0.66179502,0.658078015,0.648519993,0.671410978,0.655300021,0.654249013,0.656993985,0.66532898,0.679385006,0.699630976,0.725041986,0.740797997,0.745275021,10.89999962,17.10000038,-0.026759001,-0.025665,-0.014753,0.013705,0.04716,0.068787001,0.084236003,0.082654998,0.055369999,0.035314001,0.025909999,0.023643,0.020781999,0.02159,0.029867999,0.047175001,0.072324,0.098146997,0.132793993,0.182380006,0.240903005,0.280039996,0.297205001,0.303759992,0.303294987,0.300875992,0.292607009,0.282108992,0.271090001,0.263287991,0.257346988,0.247526005,0.236083001,0.225851998,0.218382999,0.220244005,0.236726999,0.275759995,0.316258013,0.331214994,0.312763006,0.311502993,0.298857987,0.28480801,0.276322991,0.267607004,0.258035004,0.25156799,0.261348993,0.308153004,0.410448998,0.507493019,0.550247014,0.54735899,0.525596023,0.502555013,0.477192015,0.459385991,0.459098995,0.480291009,0.49564299,0.486250997,0.480802,0.481745988,0.485026985,0.491692007,0.496520013,0.498829991,0.490408987,0.477481991,0.464558005,0.465449005,0.496670008,0.544840992,0.575376988,0.610807002,0.60708499,0.596907973,0.618385017,0.601485014,0.599243999,0.600380004,0.606549978,0.618484974,0.636254013,0.659286976,0.672915995,0.675679028,9.899999619,22.5
-0.004873,-0.003737,0.008107,0.039964002,0.077623002,0.100208998,0.117512003,0.116462998,0.086305998,0.063828997,0.053176999,0.050028998,0.046803001,0.048243999,0.058531001,0.079217002,0.107684001,0.136895999,0.177432001,0.237775996,0.30735001,0.352717012,0.371470988,0.377631992,0.374844015,0.368835002,0.357703,0.345090985,0.333115012,0.324651986,0.317629993,0.306558996,0.293720007,0.282076001,0.273860008,0.275907993,0.292609006,0.334769994,0.381476015,0.397271007,0.376697987,0.377128989,0.364591003,0.349839002,0.340366006,0.330518991,0.320046991,0.313670009,0.326433986,0.383729011,0.504866004,0.615812004,0.661188006,0.655004025,0.628036976,0.59889102,0.569074988,0.548314989,0.546693027,0.567278981,0.583553016,0.577202022,0.573419988,0.574594975,0.576524019,0.580549002,0.581602991,0.581008017,0.569936991,0.554790974,0.541769028,0.545345008,0.581143975,0.63429898,0.667111993,0.706184983,0.704340994,0.695533991,0.718715012,0.701943994,0.700393021,0.702345014,0.710048974,0.72438103,0.745141029,0.771094978,0.787791014,0.79282999,9,20.70000076,,,,,,,,,,,,,,,,,,,,,,,,,,,,,,,,,,,,,,,,,,,,,,,,,,,,,,,,,,,,,,,,,,,,,,,,,,,,,,,,,,,,,,,,,,
-0.02372,-0.023096001,-0.013389,0.013726,0.046695001,0.066931002,0.082532004,0.081703998,0.054662999,0.034524001,0.025008,0.022120999,0.019013001,0.019892,0.028422,0.046197001,0.071344003,0.097277999,0.132538006,0.184384003,0.24594,0.287084997,0.304542989,0.310541004,0.308802992,0.304136008,0.294591993,0.283831,0.273425996,0.265969992,0.259838998,0.249943003,0.238316998,0.227763996,0.220254004,0.222093999,0.237322003,0.276127011,0.319444001,0.334132999,0.314460009,0.314565986,0.302576989,0.288538009,0.279659987,0.270583987,0.260845989,0.254482001,0.264853001,0.314143002,0.421896011,0.524891973,0.569058001,0.564107001,0.539229989,0.512718022,0.485296011,0.466426998,0.465730995,0.486241013,0.502182007,0.495801002,0.492038995,0.493322015,0.495716006,0.500360012,0.502021015,0.502026975,0.491726995,0.477486014,0.465076,0.468291014,0.502524972,0.553783,0.586383998,0.625286996,0.622210026,0.612286985,0.635300994,0.617824972,0.616164982,0.617715001,0.624553978,0.637800992,0.657243013,0.681949973,0.697539985,0.701556981,8.300000191,20.5,,,,,,,,,,,,,,,,,,,,,,,,,,,,,,,,,,,,,,,,,,,,,,,,,,,,,,,,,,,,,,,,,,,,,,,,,,,,,,,,,,,,,,,,,,
0.007404,0.00928,0.023267999,0.060097001,0.102761,0.128518,0.147556007,0.145833001,0.112282999,0.087851003,0.076476999,0.073491,0.070762999,0.073372997,0.085988,0.109869003,0.141353995,0.173957005,0.222446993,0.295837998,0.376834005,0.427994996,0.44927901,0.455875009,0.451229006,0.44273901,0.429692,0.415037006,0.400388002,0.389519006,0.380567998,0.367610991,0.353170991,0.340108991,0.330785006,0.333003998,0.352064014,0.400231004,0.453943998,0.472793013,0.448969007,0.449777007,0.435719997,0.418965012,0.408006996,0.39686501,0.385443986,0.379557014,0.397323012,0.469529003,0.615715981,0.746134996,0.799688995,0.793452978,0.76235503,0.727907002,0.69203198,0.66595602,0.660821021,0.680400014,0.695306003,0.684311986,0.677320004,0.67702198,0.679125011,0.684651971,0.686986983,0.687547028,0.67602402,0.659370005,0.644149005,0.64693898,0.686917007,0.748053014,0.787441015,0.83355403,0.830422998,0.819203973,0.847199976,0.828468978,0.828314006,0.831928015,0.841367006,0.857379973,0.879702985,0.90723902,0.924672008,0.929862976,12.89999962,19.70000076,,,,,,,,,,,,,,,,,,,,,,,,,,,,,,,,,,,,,,,,,,,,,,,,,,,,,,,,,,,,,,,,,,,,,,,,,,,,,,,,,,,,,,,,,,
0.017053001,0.019213,0.034286,0.073393002,0.117222004,0.144560993,0.162751004,0.159237996,0.126221001,0.102554001,0.091321997,0.088927001,0.086838998,0.090681002,0.105503,0.132282004,0.166113004,0.201064006,0.256563991,0.343869001,0.433952004,0.487693995,0.509561002,0.51581502,0.509968996,0.500118017,0.48378399,0.465831995,0.448033989,0.434413999,0.423390001,0.408378989,0.392246008,0.377864987,0.36737299,0.368793011,0.389241993,0.437509,0.487064004,0.506842017,0.486909002,0.486591011,0.473042011,0.457471013,0.446990013,0.435896009,0.424632996,0.420446008,0.444673002,0.532100976,0.695751011,0.829490006,0.881208003,0.874770999,0.843625009,0.808395982,0.770923972,0.742317975,0.734302998,0.751227975,0.762988985,0.747951984,0.738111019,0.736054003,0.737173021,0.743257999,0.747990012,0.749836028,0.739233017,0.722891986,0.706188023,0.706713975,0.743928015,0.801382005,0.837466002,0.877371013,0.875445008,0.867905021,0.893157005,0.878121972,0.878359973,0.883078992,0.894358993,0.911601007,0.935617983,0.964429021,0.982434988,0.988864005,15.39999962,15.89999962,,,,,,,,,,,,,,,,,,,,,,,,,,,,,,,,,,,,,,,,,,,,,,,,,,,,,,,,,,,,,,,,,,,,,,,,,,,,,,,,,,,,,,,,,,
-0.023785001,-0.022466,-0.010658,0.019128,0.053247001,0.075975001,0.090425998,0.087255001,0.061198998,0.042284999,0.033307999,0.031543002,0.028893,0.030108999,0.039251,0.057790998,0.083977997,0.110494003,0.146458998,0.200654998,0.26314801,0.304794014,0.323386014,0.330680013,0.330475986,0.327888012,0.319548011,0.308522999,0.296817005,0.288410008,0.282065004,0.271636993,0.259557992,0.248721004,0.240572006,0.241835997,0.258785009,0.297392994,0.334769994,0.349023998,0.333555013,0.331588,0.319366992,0.306309015,0.298027009,0.28925699,0.279603005,0.273707002,0.285214007,0.336771995,0.445639998,0.546504021,0.590385974,0.588081002,0.566214979,0.542972982,0.516951978,0.498367012,0.497698009,0.519025981,0.534437001,0.524609029,0.518842995,0.519630015,0.522731006,0.529619992,0.535405994,0.538013995,0.529757977,0.516761005,0.503134012,0.503141999,0.533343017,0.580111027,0.608893991,0.640102983,0.636871994,0.628853977,0.648168981,0.633188009,0.630469024,0.631911993,0.639061987,0.652016997,0.671374023,0.69569099,0.710022986,0.71370399,10.19999981,14.69999981,,,,,,,,,,,,,,,,,,,,,,,,,,,,,,,,,,,,,,,,,,,,,,,,,,,,,,,,,,,,,,,,,,,,,,,,,,,,,,,,,,,,,,,,,,
0.014656,0.016271001,0.028696001,0.061818998,0.098986998,0.122909002,0.137946993,0.133984998,0.105607003,0.085620001,0.076072,0.074120998,0.072609,0.076380998,0.089884996,0.113815002,0.143601,0.174412996,0.226187006,0.309199989,0.393353999,0.442672998,0.462550014,0.467523009,0.460676998,0.450491011,0.434226006,0.416150987,0.398229003,0.384609014,0.373679012,0.359364003,0.344478011,0.331308007,0.32168299,0.322887987,0.342117012,0.386821985,0.431607008,0.450603008,0.432588011,0.431488007,0.418188989,0.403737992,0.39419201,0.383892,0.373838008,0.37102899,0.396008015,0.484340996,0.651795983,0.791491985,0.846904993,0.840326011,0.806999028,0.769429982,0.728811026,0.697627008,0.687681019,0.703795016,0.713262022,0.692610025,0.679228008,0.675571978,0.677100003,0.685576975,0.693701983,0.697899997,0.688039005,0.671450973,0.65298599,0.651537001,0.688489974,0.748040974,0.787083983,0.829979003,0.824479997,0.814279974,0.842161,0.826084971,0.82703203,0.832861006,0.845313013,0.863879025,0.889084995,0.919911027,0.938219011,0.945007026,17.20000076,15.60000038,,,,,,,,,,,,,,,,,,,,,,,,,,,,,,,,,,,,,,,,,,,,,,,,,,,,,,,,,,,,,,,,,,,,,,,,,,,,,,,,,,,,,,,,,,
-0.028857,-0.027917,-0.017626001,0.009845,0.042736001,0.063914001,0.079507001,0.078714997,0.052485999,0.032807,0.023468001,0.020869,0.017701,0.018327,0.026486,0.043715,0.068706997,0.094426997,0.128236994,0.177904993,0.238767996,0.280984014,0.29993099,0.307372004,0.307105988,0.303934008,0.294986993,0.284408987,0.273950994,0.266387999,0.260412991,0.250342995,0.238057002,0.226854995,0.218674004,0.219848007,0.235257,0.273487985,0.314451009,0.32979399,0.31139499,0.310867995,0.298978001,0.285349995,0.276771009,0.267962009,0.258074999,0.251260996,0.261056006,0.309098005,0.416085005,0.520711005,0.567283988,0.563926995,0.539766014,0.513788998,0.486405999,0.467519999,0.467395008,0.489558011,0.507004976,0.500850976,0.497220993,0.498888999,0.501344979,0.506066978,0.508346975,0.508387029,0.498257011,0.483974993,0.471073985,0.473765999,0.507851005,0.559291005,0.591422975,0.628979027,0.626969993,0.618456006,0.640971005,0.623699009,0.621279001,0.622464001,0.629420996,0.642885983,0.663447022,0.688961983,0.704962015,0.708886981,9.5,22.29999924,,,,,,,,,,,,,,,,,,,,,,,,,,,,,,,,,,,,,,,,,,,,,,,,,,,,,,,,,,,,,,,,,,,,,,,,,,,,,,,,,,,,,,,,,,
0.00844,0.010303,0.024013,0.060681999,0.103391998,0.129177004,0.148476005,0.146920994,0.113116004,0.088463001,0.076978996,0.073910996,0.071254,0.074102998,0.087095,0.111523002,0.143562004,0.176791996,0.227180004,0.304230005,0.388103992,0.440174997,0.461477011,0.467837989,0.462826014,0.453583002,0.438726008,0.422825992,0.407516986,0.395967007,0.386440992,0.372947991,0.357888013,0.344359994,0.33475101,0.336851001,0.356061995,0.404828012,0.459376007,0.478693992,0.454744995,0.455841988,0.441900015,0.425062001,0.414081007,0.402848005,0.391317993,0.385625005,0.405034006,0.481628001,0.634684026,0.768137991,0.82138902,0.813956976,0.781529009,0.745414972,0.708187997,0.681128979,0.675198972,0.694332004,0.70897001,0.69808197,0.691069007,0.690510988,0.69204402,0.696776986,0.698270023,0.697969973,0.685719013,0.668605983,0.653141975,0.656426013,0.697113991,0.759285986,0.798879027,0.84551698,0.843356013,0.833451986,0.861694992,0.843339026,0.843187988,0.847046018,0.857347012,0.874176979,0.897714019,0.926726997,0.945689976,0.95164901,13.30000019,21,,,,,,,,,,,,,,,,,,,,,,,,,,,,,,,,,,,,,,,,,,,,,,,,,,,,,,,,,,,,,,,,,,,,,,,,,,,,,,,,,,,,,,,,,,
-0.044197001,-0.043481998,-0.034079999,-0.011011,0.015760999,0.034350999,0.045968998,0.043145999,0.021929,0.006477,-0.000849,-0.002123,-0.004609,-0.004541,0.001254,0.014316,0.034605,0.055342998,0.080604002,0.115557,0.159578994,0.191483006,0.206796005,0.213854998,0.216129005,0.217246994,0.212835997,0.205450997,0.196936995,0.191198006,0.187272996,0.179811999,0.170855001,0.162888005,0.156929001,0.158528,0.172763005,0.204071,0.233485997,0.244377002,0.231408,0.228635997,0.217634007,0.206556007,0.199918002,0.192946002,0.185071006,0.179389,0.184946001,0.217159003,0.292448014,0.370427012,0.408208996,0.408605993,0.393359989,0.37815699,0.359508008,0.346525013,0.348876,0.370344013,0.385347992,0.376608998,0.371829987,0.373295993,0.377216011,0.384885013,0.391573995,0.395087987,0.388868004,0.378567994,0.366991013,0.366384,0.391546011,0.431115001,0.456223011,0.483471006,0.478767008,0.470100999,0.486223012,0.471751988,0.468315005,0.468277007,0.472923011,0.48280701,0.498203993,0.518976986,0.530211985,0.531850994,6,16.60000038,,,,,,,,,,,,,,,,,,,,,,,,,,,,,,,,,,,,,,,,,,,,,,,,,,,,,,,,,,,,,,,,,,,,,,,,,,,,,,,,,,,,,,,,,,
0.009879,0.011036,0.022411,0.053649999,0.089896001,0.112723999,0.128556997,0.126118004,0.097182997,0.076371998,0.066528998,0.064065002,0.061824001,0.064476997,0.076236002,0.098200001,0.126753002,0.156415999,0.203011006,0.276012003,0.353756011,0.401003987,0.420246005,0.425778002,0.420874,0.412699014,0.39844501,0.382663995,0.367359996,0.355913997,0.34661901,0.333691001,0.319485009,0.306789994,0.297578007,0.298972011,0.317099989,0.361162007,0.407968998,0.426351994,0.406159014,0.406022996,0.392879993,0.37797901,0.368259996,0.358159006,0.347835004,0.343273997,0.363054991,0.438235998,0.586028993,0.713128984,0.764225006,0.757717013,0.72696197,0.69273299,0.656687021,0.629922986,0.623252988,0.640793979,0.653057993,0.639329016,0.630600989,0.629290998,0.630874991,0.636806011,0.640918016,0.642268002,0.631528974,0.615595996,0.600004017,0.601369977,0.638563991,0.69609201,0.733546019,0.776538014,0.773051977,0.763755024,0.790768027,0.773600996,0.773584008,0.777598023,0.787844002,0.804364979,0.827629983,0.85601002,0.873562992,0.879765987,15.5,19.70000076,,,,,,,,,,,,,,,,,,,,,,,,,,,,,,,,,,,,,,,,,,,,,,,,,,,,,,,,,,,,,,,,,,,,,,,,,,,,,,,,,,,,,,,,,,
-0.034173999,-0.033523001,-0.024124,-0.000419,0.027194001,0.045954999,0.057758,0.054837,0.03294,0.017091,0.009572,0.00819,0.005895,0.006443,0.013119,0.027357001,0.048459999,0.070026003,0.098277003,0.139186993,0.188506007,0.222664997,0.238567993,0.245432004,0.246683002,0.246371001,0.240050003,0.230952993,0.221108005,0.214288995,0.209398001,0.200999007,0.191237003,0.182582006,0.176165,0.177782998,0.192656994,0.225856006,0.257878989,0.269827992,0.255771011,0.253259003,0.241974995,0.230265006,0.223114997,0.215577006,0.207274005,0.201744005,0.209741995,0.249339998,0.338696986,0.428180993,0.470097989,0.469374001,0.450619996,0.431295008,0.408520013,0.392273009,0.392641008,0.413780987,0.428489,0.418020994,0.412005991,0.412972003,0.416671991,0.424407005,0.431237012,0.434738994,0.427736014,0.416112006,0.403147012,0.402507991,0.430056006,0.473645985,0.501316011,0.531539977,0.526983023,0.518069983,0.536243975,0.521113992,0.517868996,0.518570006,0.524466991,0.535926998,0.553812027,0.576884985,0.589832008,0.592188001,9,16.39999962,,,,,,,,,,,,,,,,,,,,,,,,,,,,,,,,,,,,,,,,,,,,,,,,,,,,,,,,,,,,,,,,,,,,,,,,,,,,,,,,,,,,,,,,,,
-0.000179,0.001738,0.015013,0.050406002,0.092174001,0.117707998,0.136766002,0.135027006,0.101264998,0.076819003,0.065498002,0.062622003,0.059920002,0.062206998,0.074043997,0.096911997,0.127757996,0.159721002,0.206826001,0.276621997,0.353736013,0.402256995,0.42238,0.428474009,0.424569011,0.418103993,0.405925006,0.392206997,0.378235012,0.367920995,0.359609008,0.347243995,0.333705008,0.321482003,0.312844008,0.315753013,0.335478008,0.38438499,0.437895,0.456252992,0.431867987,0.432296008,0.41733101,0.40022701,0.389387995,0.378362,0.367094994,0.360902995,0.37738201,0.445252001,0.583326995,0.704953015,0.754936993,0.749536991,0.721141994,0.689970017,0.657015979,0.633130014,0.629288018,0.649537981,0.663794994,0.651449978,0.644050002,0.644069016,0.647229016,0.654505014,0.658722997,0.660839021,0.650667012,0.635138989,0.620365024,0.622753024,0.661616981,0.720485985,0.758701026,0.80408001,0.798308015,0.786297977,0.813772976,0.794829011,0.794732988,0.798026025,0.80646503,0.820776999,0.840834975,0.866306007,0.881088972,0.884835005,12.89999962,21.39999962,,,,,,,,,,,,,,,,,,,,,,,,,,,,,,,,,,,,,,,,,,,,,,,,,,,,,,,,,,,,,,,,,,,,,,,,,,,,,,,,,,,,,,,,,,
-0.032407999,-0.031557001,-0.021597,0.003599,0.033096999,0.052687999,0.065638997,0.063280001,0.039855,0.022669001,0.014569,0.012831,0.010255,0.010802,0.01798,0.033264,0.055787999,0.078787997,0.108767003,0.151919007,0.203849003,0.239236996,0.254970998,0.261355013,0.261696994,0.260589004,0.254175991,0.244922996,0.234960005,0.228149995,0.223089993,0.214378998,0.204179004,0.195022002,0.188319996,0.189985007,0.205035001,0.239392996,0.273728997,0.28638801,0.270996988,0.269149989,0.257661998,0.245514005,0.237985998,0.230207995,0.221665993,0.215830997,0.224053994,0.264988989,0.357035011,0.447488993,0.487863004,0.485143989,0.465146005,0.444774002,0.421669006,0.405541986,0.406408995,0.427855998,0.442992002,0.434139997,0.429129988,0.430276007,0.433625996,0.440452993,0.445816994,0.448426008,0.440890998,0.428979009,0.41644001,0.41673401,0.445558995,0.490249008,0.518706977,0.550482988,0.546051979,0.537240028,0.556281984,0.540539026,0.537712991,0.538338006,0.54418999,0.55585599,0.573729992,0.596881986,0.610287011,0.61322099,6.300000191,17.79999924,,,,,,,,,,,,,,,,,,,,,,,,,,,,,,,,,,,,,,,,,,,,,,,,,,,,,,,,,,,,,,,,,,,,,,,,,,,,,,,,,,,,,,,,,,
0.004172,0.006024,0.019447001,0.054102,0.093107,0.117555998,0.134087995,0.131456003,0.101350002,0.079605997,0.069408,0.067193002,0.065049,0.067850001,0.080023997,0.102679998,0.132234007,0.162539005,0.208992004,0.280128002,0.355498999,0.401434988,0.420394987,0.426239997,0.422224999,0.415627986,0.402678996,0.387540013,0.372624993,0.361649007,0.352968991,0.340541989,0.326965004,0.31478399,0.305976003,0.307648003,0.326099008,0.369525999,0.414530009,0.432173997,0.412845999,0.412169009,0.399111986,0.384371012,0.374817997,0.364906997,0.354719013,0.349936992,0.368196011,0.438432992,0.57585901,0.69413197,0.742159009,0.736867011,0.709046006,0.678457975,0.645552993,0.621013999,0.615485013,0.633085012,0.645240009,0.631573975,0.622915983,0.621757984,0.623813987,0.630550027,0.635724008,0.638077974,0.628714025,0.614041984,0.598904014,0.599192977,0.633419991,0.686680973,0.720856011,0.759778023,0.755864978,0.746267974,0.770726979,0.754535973,0.754081011,0.757569015,0.766991019,0.782121003,0.803327978,0.829349995,0.84543699,0.850382984,13.30000019,19.10000038,,,,,,,,,,,,,,,,,,,,,,,,,,,,,,,,,,,,,,,,,,,,,,,,,,,,,,,,,,,,,,,,,,,,,,,,,,,,,,,,,,,,,,,,,,
0.007815,0.00978,0.023785001,0.059760001,0.099513002,0.124318004,0.140003994,0.136008993,0.106693998,0.085754998,0.075668,0.073587,0.071736999,0.075387001,0.089181997,0.113862,0.144816995,0.176496998,0.227509007,0.308907986,0.39261201,0.442541987,0.462875009,0.468539,0.462502003,0.452823013,0.437985987,0.421337009,0.404596001,0.391829997,0.381388992,0.367226005,0.352073997,0.338559985,0.328646988,0.329760999,0.348522991,0.392679006,0.437115997,0.454533011,0.436971009,0.436437011,0.423913002,0.409877986,0.400115997,0.389755011,0.379406005,0.375932008,0.39922899,0.482778996,0.639910996,0.771358013,0.823570013,0.817309022,0.786215007,0.751203001,0.713824987,0.685470998,0.677344024,0.693843007,0.704868972,0.689000011,0.678564012,0.676051021,0.677204013,0.683664024,0.689139009,0.691537023,0.681324005,0.665435016,0.648688018,0.648463011,0.684100986,0.740163028,0.775399029,0.81389302,0.811675012,0.804095984,0.82862097,0.814417005,0.814597011,0.81952101,0.831070006,0.849094987,0.873374999,0.902671993,0.921123028,0.928022027,15.5,15.39999962,,,,,,,,,,,,,,,,,,,,,,,,,,,,,,,,,,,,,,,,,,,,,,,,,,,,,,,,,,,,,,,,,,,,,,,,,,,,,,,,,,,,,,,,,,
0.009357,0.011192,0.024986001,0.060929999,0.101428002,0.126597002,0.143280998,0.139751002,0.108670004,0.086510003,0.076033004,0.073771998,0.071814001,0.075268999,0.088799998,0.113351002,0.144619003,0.176844001,0.228239,0.308788002,0.39230001,0.442324013,0.462576985,0.468196005,0.462428987,0.453171998,0.438446999,0.421772003,0.405010015,0.392268986,0.381978005,0.367982,0.353051007,0.339774996,0.3301,0.331755012,0.351401001,0.397863001,0.445872992,0.464372009,0.444478005,0.443960995,0.430462986,0.415064991,0.404794991,0.394014001,0.383251995,0.379144996,0.40140301,0.48338601,0.639679015,0.770798028,0.822825015,0.816721022,0.785965025,0.751426995,0.71449101,0.686591983,0.679134011,0.696551025,0.708163023,0.691908002,0.681393981,0.679207027,0.681065023,0.688341975,0.694374025,0.697263002,0.687285006,0.67126298,0.654587984,0.65456599,0.691520989,0.74931097,0.786457002,0.828159988,0.824410021,0.814161003,0.840426028,0.824293971,0.824652016,0.829306006,0.840225995,0.857267976,0.880375981,0.908255994,0.925504983,0.931416988,17.10000038,15.39999962,,,,,,,,,,,,,,,,,,,,,,,,,,,,,,,,,,,,,,,,,,,,,,,,,,,,,,,,,,,,,,,,,,,,,,,,,,,,,,,,,,,,,,,,,,
-0.016272999,-0.014838,-0.002557,0.028826,0.064622,0.087288998,0.102764003,0.100303002,0.072742999,0.052615002,0.043085001,0.040872999,0.038235001,0.039882999,0.049917001,0.069668002,0.096753001,0.124372996,0.163224995,0.222369,0.289505988,0.333362013,0.352286995,0.359010994,0.35710901,0.351938009,0.341863006,0.3301,0.318116009,0.309278995,0.302181989,0.291110992,0.278349012,0.266847014,0.258396,0.259721011,0.276437998,0.316410005,0.357547998,0.372689992,0.355320007,0.354454994,0.342408001,0.328680992,0.319772005,0.310494006,0.300498009,0.294737995,0.308063,0.365318,0.484434992,0.593541026,0.640064001,0.63597101,0.610626996,0.583266974,0.55399698,0.533223987,0.531135976,0.551491022,0.566851974,0.557528019,0.551868975,0.552317023,0.554629982,0.560256004,0.564185023,0.565522015,0.555943012,0.541791976,0.527962983,0.529199004,0.562247992,0.613002002,0.644447982,0.680024028,0.677743018,0.669099987,0.690882981,0.675100029,0.673489988,0.675836027,0.684077025,0.698578,0.719447017,0.745335996,0.761439979,0.766076028,11.19999981,16.89999962,,,,,,,,,,,,,,,,,,,,,,,,,,,,,,,,,,,,,,,,,,,,,,,,,,,,,,,,,,,,,,,,,,,,,,,,,,,,,,,,,,,,,,,,,,
-0.041983999,-0.041462999,-0.032382999,-0.009777,0.016712001,0.034834001,0.046565998,0.044116002,0.022600999,0.006846,-0.00058,-0.002014,-0.004536,-0.004534,0.001116,0.013917,0.033758,0.054402001,0.079654001,0.114211001,0.157927007,0.189477995,0.204402,0.211116999,0.213033006,0.213926002,0.209425002,0.201874003,0.193318993,0.187608004,0.183666006,0.176177993,0.167236,0.159293994,0.153461993,0.155188993,0.169439003,0.201224998,0.232112005,0.243502006,0.229417995,0.226848006,0.215647996,0.204115003,0.197277993,0.190086007,0.182012007,0.176260993,0.181507006,0.213863,0.289507985,0.368515015,0.406735987,0.406688005,0.390706003,0.374825001,0.355719,0.342566997,0.344990999,0.366773009,0.382046014,0.373385996,0.368591994,0.370157003,0.374242991,0.381902993,0.388301015,0.391727001,0.38527,0.374489993,0.362823993,0.362574011,0.388826013,0.430103988,0.45658201,0.486259997,0.481256008,0.471691012,0.489336997,0.473726004,0.470284998,0.470194012,0.47477001,0.484584004,0.499965996,0.520874977,0.532186985,0.533554018,5.900000095,17,,,,,,,,,,,,,,,,,,,,,,,,,,,,,,,,,,,,,,,,,,,,,,,,,,,,,,,,,,,,,,,,,,,,,,,,,,,,,,,,,,,,,,,,,,
-0.039138999,-0.038401,-0.028566999,-0.004043,0.024502,0.043384999,0.055883002,0.053544,0.030856,0.014366,0.006563,0.004907,0.002385,0.0028,0.009413,0.023574,0.044695999,0.066372,0.093994997,0.132813007,0.180696994,0.214623004,0.230621994,0.237526998,0.238545999,0.237904996,0.232352004,0.223954007,0.214781001,0.208485007,0.203877002,0.195814997,0.186257005,0.177634001,0.171268001,0.172806993,0.187073007,0.220115006,0.253289998,0.265307993,0.250068992,0.247932002,0.236617997,0.224512994,0.217095003,0.209508002,0.201172993,0.195263997,0.201975003,0.238276005,0.32128799,0.406729996,0.448215991,0.448031008,0.430023015,0.411253005,0.389564008,0.374193996,0.374597013,0.394771993,0.409426004,0.400099009,0.394573003,0.395520002,0.399091005,0.406381995,0.411938995,0.415042013,0.407759994,0.396358997,0.384211987,0.383872986,0.411312014,0.454634011,0.482721001,0.514410019,0.509914994,0.49939701,0.518536985,0.502493978,0.499666989,0.500123978,0.505451977,0.515703023,0.53154701,0.553166986,0.565099001,0.566878021,7.300000191,17.89999962,,,,,,,,,,,,,,,,,,,,,,,,,,,,,,,,,,,,,,,,,,,,,,,,,,,,,,,,,,,,,,,,,,,,,,,,,,,,,,,,,,,,,,,,,,
-0.022735,-0.022088001,-0.012008,0.016035,0.050262999,0.070955001,0.087724999,0.087512001,0.058878999,0.037358999,0.027264999,0.024086,0.020746,0.021419,0.029804001,0.047683001,0.073485002,0.100281,0.135980994,0.187312007,0.249761,0.292070001,0.309956998,0.316128999,0.314557999,0.309956014,0.300146997,0.289431989,0.279291987,0.272083998,0.266088992,0.256161004,0.244338006,0.233570993,0.226054996,0.228267998,0.243889004,0.28432101,0.33029601,0.345485002,0.324349999,0.324855,0.312472999,0.297690004,0.28847,0.279121012,0.268988013,0.261997014,0.271656007,0.319920003,0.427892,0.531386018,0.575016022,0.56961,0.544637978,0.518173993,0.490956992,0.47250399,0.472665012,0.494336993,0.511548996,0.506744027,0.504112005,0.505925,0.508360982,0.512416005,0.513073027,0.512264013,0.501549006,0.486968994,0.474869013,0.478875995,0.514438987,0.56694603,0.599704981,0.639039993,0.636434972,0.626913011,0.649960995,0.632224977,0.630369008,0.631709993,0.638386011,0.651386023,0.670844972,0.695738971,0.71143502,0.715499997,8.399999619,21.79999924,,,,,,,,,,,,,,,,,,,,,,,,,,,,,,,,,,,,,,,,,,,,,,,,,,,,,,,,,,,,,,,,,,,,,,,,,,,,,,,,,,,,,,,,,,
-0.003199,-0.002238,0.00942,0.041476998,0.079865001,0.102945,0.120823003,0.119916998,0.088840999,0.065765001,0.054873999,0.051578999,0.048298001,0.049805999,0.060396999,0.081651002,0.110835999,0.140884996,0.182988003,0.245752007,0.317919999,0.364872009,0.384411991,0.390763998,0.387409002,0.380338997,0.369542986,0.357461989,0.345398009,0.336515009,0.329037011,0.317537993,0.304217994,0.292160004,0.283650994,0.285867006,0.303070992,0.346854001,0.395779997,0.412454993,0.390700012,0.391344011,0.378443003,0.363014013,0.353157997,0.342983007,0.332195014,0.325711012,0.339251995,0.399224997,0.524585009,0.638727009,0.68571198,0.680123985,0.65298003,0.623291016,0.592706025,0.571171999,0.569029987,0.589507997,0.605749011,0.599138022,0.595112979,0.596324027,0.598508,0.602894008,0.603950024,0.603465974,0.592310011,0.576931,0.56379801,0.567632973,0.604645014,0.659180999,0.693077982,0.733143985,0.731504023,0.722370982,0.746299982,0.729300976,0.728277028,0.730627,0.738604009,0.753057003,0.773813009,0.799763978,0.816524029,0.821451008,9.5,22.20000076,,,,,,,,,,,,,,,,,,,,,,,,,,,,,,,,,,,,,,,,,,,,,,,,,,,,,,,,,,,,,,,,,,,,,,,,,,,,,,,,,,,,,,,,,,
-0.026505999,-0.025385,-0.014397,0.013993,0.047573,0.069218002,0.084843002,0.083590001,0.056352001,0.036233999,0.026813,0.024479,0.021576,0.022337999,0.03045,0.047412001,0.072030999,0.097690001,0.131615996,0.179818004,0.238266006,0.278744012,0.297434002,0.305070013,0.305552006,0.30290401,0.294461012,0.284588009,0.274248004,0.266709,0.260856986,0.251183987,0.239747003,0.229371995,0.221818,0.223609999,0.239737004,0.278263986,0.31833601,0.333175987,0.315019995,0.313728005,0.301423013,0.287544996,0.278995007,0.270172,0.260408998,0.253811002,0.262944996,0.308548987,0.40871799,0.506012023,0.550562978,0.549179018,0.528069973,0.505174995,0.480103999,0.462325007,0.461661011,0.48209399,0.497527987,0.489338994,0.484528005,0.485698998,0.488599986,0.494511992,0.498432994,0.499796987,0.491066009,0.478179991,0.465698004,0.467040002,0.498133987,0.545409977,0.574989021,0.609097004,0.606374979,0.597452998,0.618354023,0.602393985,0.600301027,0.601392984,0.607777,0.619641006,0.637679994,0.660660982,0.674470007,0.677630007,10.10000038,20.5,,,,,,,,,,,,,,,,,,,,,,,,,,,,,,,,,,,,,,,,,,,,,,,,,,,,,,,,,,,,,,,,,,,,,,,,,,,,,,,,,,,,,,,,,,
0.013967,0.015168,0.026281999,0.057445001,0.094577,0.117315002,0.134192005,0.132663995,0.103076004,0.081390001,0.071157999,0.068271004,0.065778002,0.068328001,0.080124997,0.102435,0.131604001,0.161828995,0.208515003,0.281515002,0.360338002,0.408831,0.428436995,0.434094995,0.429214001,0.420125008,0.405236989,0.389993012,0.375696987,0.364735007,0.355664015,0.342830986,0.328514993,0.315623999,0.306463003,0.307947993,0.325116009,0.368593991,0.416581005,0.434188992,0.41355601,0.414310992,0.401977986,0.387165994,0.377265006,0.367101997,0.356662005,0.351779014,0.370936006,0.444694996,0.590785027,0.717113018,0.767356992,0.759934008,0.728609026,0.693774998,0.65801698,0.631869018,0.625719011,0.643064976,0.656395972,0.646013022,0.639113009,0.638207018,0.639095008,0.643100977,0.644544005,0.644101977,0.632467985,0.616227984,0.601792991,0.604691029,0.642392993,0.699513018,0.735873997,0.778406024,0.777060986,0.768583,0.794730008,0.778635979,0.778594971,0.782688975,0.793087006,0.810451984,0.834375024,0.863281012,0.882179022,0.888862014,12.60000038,20.89999962,,,,,,,,,,,,,,,,,,,,,,,,,,,,,,,,,,,,,,,,,,,,,,,,,,,,,,,,,,,,,,,,,,,,,,,,,,,,,,,,,,,,,,,,,,
-0.039595999,-0.038842,-0.029392,-0.004417,0.024966,0.043655999,0.057353001,0.056588002,0.033530999,0.016194999,0.007948,0.005663,0.002945,0.003735,0.011379,0.027139001,0.049493998,0.072471999,0.103630997,0.150572002,0.207087994,0.245642006,0.262690008,0.269165009,0.268343002,0.264665008,0.255681992,0.245371997,0.235211998,0.227783993,0.221863002,0.212292999,0.200789005,0.190311998,0.182601005,0.183317006,0.197045997,0.231494993,0.268869013,0.28313601,0.26641801,0.265861988,0.255201995,0.242787004,0.234858006,0.226695001,0.217709005,0.211772993,0.221792996,0.26870501,0.372658014,0.474518001,0.519900978,0.516076982,0.491683006,0.465570986,0.438041002,0.41889599,0.417780995,0.438190997,0.45410201,0.447165996,0.44294399,0.443976015,0.446042001,0.450468987,0.452879995,0.453117013,0.443239987,0.429343998,0.416536987,0.418559998,0.451182991,0.501309991,0.533079982,0.570401013,0.568208993,0.559314013,0.582045019,0.564907014,0.562702,0.564007998,0.571251988,0.584957004,0.605445027,0.631024003,0.647225022,0.651292026,9.100000381,22.89999962,,,,,,,,,,,,,,,,,,,,,,,,,,,,,,,,,,,,,,,,,,,,,,,,,,,,,,,,,,,,,,,,,,,,,,,,,,,,,,,,,,,,,,,,,,
-0.027138,-0.025684999,-0.014268,0.015426,0.049667001,0.070924997,0.085943997,0.084082,0.057505999,0.038013998,0.028801,0.02658,0.024222,0.026029,0.035843998,0.054859001,0.080605,0.107047997,0.145347998,0.203731999,0.268909007,0.310485005,0.327955008,0.333747,0.331371009,0.326296002,0.315241009,0.30299899,0.290946007,0.281960994,0.274744988,0.263974994,0.251845002,0.240944997,0.233107999,0.234785006,0.250853986,0.289759994,0.330776006,0.345571995,0.327762991,0.327398002,0.315607995,0.302258998,0.293550998,0.284552008,0.275139988,0.269899994,0.283818007,0.341601998,0.460765004,0.568166018,0.612909019,0.60788101,0.582354009,0.554672003,0.525277019,0.504131019,0.500986993,0.519339025,0.53264302,0.522485018,0.516152978,0.516050994,0.518128991,0.523723006,0.527424991,0.528658986,0.519317985,0.505457997,0.492065996,0.493391007,0.525964975,0.575676978,0.607173026,0.643072009,0.640128017,0.632067025,0.65406698,0.639038026,0.638095021,0.640851021,0.649200976,0.663505018,0.683990002,0.709342003,0.724910021,0.729807019,11.10000038,20.29999924,,,,,,,,,,,,,,,,,,,,,,,,,,,,,,,,,,,,,,,,,,,,,,,,,,,,,,,,,,,,,,,,,,,,,,,,,,,,,,,,,,,,,,,,,,
0.007501,0.009197,0.022624999,0.058784999,0.101200998,0.126794994,0.146213993,0.144719005,0.109994002,0.084845997,0.073225997,0.070161,0.067552999,0.070294,0.082974002,0.106858999,0.138442993,0.171451002,0.221487999,0.296095014,0.376623988,0.426153004,0.446283013,0.452192009,0.447138995,0.438371003,0.424632013,0.409473985,0.394526005,0.383341998,0.374226004,0.361211985,0.347077012,0.334416986,0.325581998,0.328514993,0.348407,0.398003012,0.45352599,0.472912014,0.447706997,0.448421001,0.433564991,0.416034997,0.404991001,0.393822014,0.382479012,0.376827002,0.395166993,0.468894005,0.615772009,0.743885994,0.795749009,0.789608002,0.759036005,0.724967003,0.689347982,0.663249016,0.657462001,0.676266015,0.690068007,0.677190006,0.669153988,0.668538988,0.670940995,0.677470982,0.680751979,0.682141006,0.670904994,0.654240012,0.639015019,0.641418994,0.681402028,0.742528975,0.782278001,0.829563022,0.825877011,0.813650012,0.842747986,0.823517025,0.823679984,0.827575982,0.837065995,0.85235101,0.873522997,0.900448978,0.917285025,0.922299981,13.10000038,20.29999924,,,,,,,,,,,,,,,,,,,,,,,,,,,,,,,,,,,,,,,,,,,,,,,,,,,,,,,,,,,,,,,,,,,,,,,,,,,,,,,,,,,,,,,,,,
-0.005753,-0.004493,0.00693,0.037760001,0.074607,0.097695999,0.114386998,0.112714,0.083337002,0.061806001,0.051709998,0.049040999,0.046330001,0.048234999,0.058940999,0.079891004,0.108273998,0.137555003,0.180187002,0.245277003,0.317995012,0.364190996,0.383338004,0.389477015,0.386114001,0.380257011,0.368799001,0.355156988,0.34197399,0.332599014,0.324954987,0.313259006,0.29993099,0.287786007,0.278972,0.280411005,0.297351003,0.339206994,0.383872986,0.400377005,0.381217003,0.380998999,0.368725985,0.354274988,0.34473601,0.334881008,0.324526995,0.318728,0.333880007,0.396210015,0.52246201,0.633915007,0.679435015,0.674039006,0.647880018,0.619085014,0.588868976,0.567021012,0.563688994,0.582400978,0.596583009,0.58772397,0.582162976,0.582098007,0.583590984,0.588155985,0.590727985,0.591216028,0.58119297,0.566664994,0.553277016,0.555510998,0.58940798,0.64041698,0.672384024,0.708827019,0.706984997,0.698786974,0.721042991,0.70580101,0.70499599,0.707657993,0.716315985,0.730880022,0.751492977,0.776657999,0.792600989,0.797563016,12.39999962,17.70000076,,,,,,,,,,,,,,,,,,,,,,,,,,,,,,,,,,,,,,,,,,,,,,,,,,,,,,,,,,,,,,,,,,,,,,,,,,,,,,,,,,,,,,,,,,
-0.015735,-0.014257,-0.002536,0.028179999,0.063364998,0.085050002,0.100482002,0.09877,0.071585998,0.051555,0.042072002,0.039735999,0.037351001,0.039315999,0.049589001,0.069274001,0.095688,0.122699,0.162058994,0.221965998,0.288183987,0.330053985,0.347570002,0.353341997,0.350699991,0.345079005,0.333842993,0.321325988,0.309168994,0.300067008,0.29270801,0.281832993,0.269591004,0.258599013,0.250669986,0.252218992,0.268135995,0.306825995,0.347862989,0.362875015,0.345129013,0.344897986,0.333377987,0.32012099,0.311468989,0.302509993,0.293125987,0.288047999,0.302379996,0.361023992,0.481034994,0.588661015,0.633204997,0.627821028,0.602002978,0.573798001,0.544264019,0.523084998,0.519523025,0.537373006,0.550522983,0.540884972,0.534865975,0.534621,0.536324024,0.541252017,0.544412971,0.545198023,0.535754979,0.521872997,0.50869602,0.510339022,0.542788982,0.592082977,0.623234987,0.658756018,0.656445026,0.64863503,0.67028898,0.655497015,0.65465498,0.657435,0.665858984,0.680176973,0.700937986,0.726363003,0.742417991,0.74761498,12,21,,,,,,,,,,,,,,,,,,,,,,,,,,,,,,,,,,,,,,,,,,,,,,,,,,,,,,,,,,,,,,,,,,,,,,,,,,,,,,,,,,,,,,,,,,
0.020036999,0.021493999,0.033790998,0.067031004,0.106055997,0.130421996,0.147588,0.144999996,0.113725998,0.091325998,0.080826998,0.078252003,0.075946003,0.078745,0.091151997,0.114376001,0.144831002,0.176515997,0.225817993,0.302314013,0.384041995,0.434087992,0.454573005,0.460642994,0.455765992,0.447079003,0.432906002,0.417364001,0.401897013,0.390177995,0.38063699,0.367195994,0.352512002,0.339343011,0.329876006,0.331788003,0.351074994,0.397861987,0.447670013,0.466075003,0.444938988,0.444983989,0.431510001,0.415767014,0.405369997,0.394585013,0.38359201,0.378578007,0.398624003,0.475122988,0.623148024,0.747286022,0.795903027,0.789812982,0.760936022,0.728654027,0.694361985,0.668825984,0.662759006,0.680325985,0.692945004,0.680670023,0.672816992,0.671844006,0.67356199,0.679193974,0.682789981,0.683970988,0.673631012,0.658308029,0.643137991,0.644720018,0.681123018,0.736477017,0.771189988,0.810603023,0.807901025,0.79982698,0.824106991,0.808885992,0.808754027,0.812631011,0.822533011,0.838442981,0.860725999,0.887028992,0.903820992,0.909780026,14.19999981,17.10000038,,,,,,,,,,,,,,,,,,,,,,,,,,,,,,,,,,,,,,,,,,,,,,,,,,,,,,,,,,,,,,,,,,,,,,,,,,,,,,,,,,,,,,,,,,
0.016550001,0.017603001,0.028705001,0.059301998,0.095820002,0.118661001,0.134614006,0.131905004,0.10255,0.081381999,0.071372002,0.068882003,0.066499002,0.068824999,0.080090001,0.101643004,0.130375996,0.159997001,0.205181003,0.274949014,0.350309014,0.396946013,0.416213006,0.422223002,0.418680012,0.411807001,0.398853988,0.384671986,0.370694995,0.360246003,0.351754993,0.339491993,0.326027989,0.313980013,0.305395991,0.30746001,0.325549007,0.369026005,0.414517999,0.430602014,0.411583006,0.411237001,0.398573011,0.384036988,0.374424011,0.364380986,0.354149997,0.349175006,0.366687,0.434814006,0.567933023,0.681134999,0.726375997,0.721230984,0.695115984,0.666091979,0.635240972,0.61251998,0.607913017,0.625159025,0.637656987,0.626556993,0.619552016,0.618815005,0.620688021,0.626429975,0.63022399,0.631488979,0.621942997,0.607764006,0.593980014,0.595584989,0.629055977,0.679418981,0.710877001,0.746905983,0.744705975,0.736543,0.758598983,0.744349003,0.743893981,0.747296989,0.756201983,0.770945013,0.791396022,0.816372991,0.832067013,0.837302983,16.20000076,16.20000076,,,,,,,,,,,,,,,,,,,,,,,,,,,,,,,,,,,,,,,,,,,,,,,,,,,,,,,,,,,,,,,,,,,,,,,,,,,,,,,,,,,,,,,,,,
-0.019283,-0.017612999,-0.00479,0.027334001,0.063515,0.086088002,0.101534002,0.099186003,0.071433999,0.051240999,0.041664001,0.039450999,0.036945999,0.038795002,0.049052998,0.068837002,0.095581003,0.122978002,0.162084997,0.220852003,0.286159992,0.328070998,0.346138001,0.352427006,0.350488991,0.345557988,0.335307002,0.323267013,0.311156005,0.302276999,0.295217991,0.284458995,0.272267997,0.261308998,0.253347993,0.25503999,0.271676004,0.311013997,0.351536989,0.366338998,0.348818988,0.347992986,0.335981011,0.322477013,0.313800991,0.304672986,0.295080006,0.289725989,0.302991986,0.359385997,0.474646986,0.579604983,0.624504983,0.620639026,0.596251011,0.569630981,0.541208029,0.520622015,0.517531991,0.535862029,0.549070001,0.53866601,0.532325029,0.532302022,0.534664989,0.540628016,0.544736981,0.546485007,0.537479997,0.523900986,0.510535002,0.511451006,0.543146014,0.591795981,0.622959018,0.658293009,0.655250013,0.646483004,0.668072999,0.65268898,0.651354015,0.653513014,0.661432982,0.674998999,0.694630027,0.719340026,0.734503985,0.738729,10.89999962,19.70000076,,,,,,,,,,,,,,,,,,,,,,,,,,,,,,,,,,,,,,,,,,,,,,,,,,,,,,,,,,,,,,,,,,,,,,,,,,,,,,,,,,,,,,,,,,
0.029650999,0.030541999,0.0407,0.068827003,0.102576003,0.124301001,0.139085993,0.136086002,0.108929001,0.089575,0.080406003,0.078199998,0.075946003,0.078057997,0.088621996,0.108990997,0.136384994,0.164820001,0.208408997,0.27727899,0.352849007,0.400182992,0.419898003,0.426270992,0.422668994,0.415796995,0.402990997,0.388621986,0.374383003,0.363750994,0.355174989,0.342673987,0.328810006,0.316390008,0.307420999,0.309026986,0.32685101,0.369834989,0.414333999,0.430435002,0.412144005,0.411734015,0.399188995,0.384950995,0.375373006,0.365361005,0.355087996,0.350098014,0.367855996,0.437445998,0.575870991,0.69580698,0.743811011,0.737905979,0.709949017,0.67909801,0.646389008,0.622292996,0.61758399,0.636252999,0.649896026,0.638635993,0.631416977,0.630737007,0.63241303,0.63795203,0.641819,0.643100977,0.633054972,0.618152022,0.603415012,0.604525983,0.639128029,0.692004025,0.724843979,0.761045992,0.759299994,0.752153993,0.774264991,0.759984016,0.759334028,0.762679994,0.772193015,0.788196027,0.810481012,0.837348998,0.85462302,0.860392988,13.10000038,16.70000076,,,,,,,,,,,,,,,,,,,,,,,,,,,,,,,,,,,,,,,,,,,,,,,,,,,,,,,,,,,,,,,,,,,,,,,,,,,,,,,,,,,,,,,,,,
-0.017101999,-0.016240999,-0.005653,0.023288,0.057930999,0.079159997,0.095412001,0.094639003,0.066671997,0.045669999,0.035732001,0.032825001,0.029748,0.030843999,0.040008001,0.058754001,0.084997997,0.111962996,0.149048999,0.203943998,0.267829001,0.309812009,0.327428013,0.333362013,0.331395,0.326896012,0.316632986,0.305213988,0.294317991,0.286428005,0.27996701,0.269661993,0.257582009,0.246638998,0.238873005,0.240687996,0.256330013,0.295709997,0.338981986,0.353904992,0.334475994,0.334717006,0.322710991,0.308818013,0.300011009,0.29092899,0.281120986,0.274866015,0.286408991,0.338542014,0.450423002,0.554045975,0.597294986,0.591925979,0.566914976,0.539964974,0.512232006,0.492949992,0.491804987,0.511753023,0.527089,0.520567,0.516744971,0.517939985,0.520111024,0.524522007,0.526175976,0.525996983,0.515799999,0.501707971,0.489338011,0.492576003,0.526628017,0.577215016,0.609027028,0.646876991,0.643881977,0.635571003,0.658041,0.641457021,0.640089989,0.642030001,0.649208009,0.662684023,0.682614982,0.707557023,0.723356009,0.727810979,8.5,20.10000038,,,,,,,,,,,,,,,,,,,,,,,,,,,,,,,,,,,,,,,,,,,,,,,,,,,,,,,,,,,,,,,,,,,,,,,,,,,,,,,,,,,,,,,,,,
-0.006091,-0.006013,0.001562,0.022944,0.048841,0.065904997,0.077312998,0.074851997,0.052923001,0.037096001,0.029480999,0.027505999,0.025123,0.025939999,0.033140998,0.048039999,0.069017001,0.090765998,0.121800996,0.168751001,0.222491995,0.257463008,0.272435993,0.277835995,0.276409,0.272686005,0.26493001,0.255329996,0.245083004,0.237600997,0.231604993,0.222432002,0.212098002,0.202833995,0.196032003,0.197363004,0.211544007,0.244912997,0.279083014,0.291999012,0.277049989,0.275754005,0.264986992,0.253280997,0.245785996,0.237931997,0.22969,0.224848002,0.235402003,0.282184988,0.381752014,0.476173013,0.517322004,0.513711989,0.491719991,0.468488008,0.443242014,0.425271988,0.423750013,0.442212999,0.455361009,0.445643008,0.439754993,0.439799994,0.442321003,0.448475987,0.453372985,0.455722988,0.447802007,0.435663998,0.42326799,0.423882008,0.452582985,0.497381002,0.526308,0.559055984,0.555299997,0.546348989,0.566335022,0.551311016,0.549426973,0.55111301,0.558022976,0.570472002,0.588820994,0.612069011,0.625989974,0.629845023,8.899999619,18.29999924,,,,,,,,,,,,,,,,,,,,,,,,,,,,,,,,,,,,,,,,,,,,,,,,,,,,,,,,,,,,,,,,,,,,,,,,,,,,,,,,,,,,,,,,,,
0.032017,0.032760002,0.041715,0.067447998,0.098347999,0.118256003,0.132137999,0.129737005,0.104099996,0.085908003,0.077326998,0.075042002,0.073224001,0.075768001,0.086368002,0.106122002,0.131757006,0.158814997,0.203713,0.276353002,0.353810996,0.40091899,0.420129001,0.42522499,0.419261992,0.409808993,0.394771993,0.378435999,0.362726003,0.350890011,0.341140986,0.328155011,0.314319015,0.301995009,0.293051988,0.294378012,0.311708987,0.35443601,0.40060699,0.418853015,0.398948997,0.398714989,0.38588199,0.371190012,0.361535996,0.351498991,0.341500014,0.337662995,0.358765006,0.43740499,0.592979014,0.727792025,0.78252399,0.775874019,0.743101001,0.706291974,0.667491972,0.638262987,0.629643977,0.646045983,0.657070994,0.64071703,0.630068004,0.627597988,0.628970981,0.635518014,0.640443981,0.642509997,0.631704986,0.615382016,0.59878099,0.599418998,0.637540996,0.697076976,0.736092985,0.781762004,0.776920974,0.765761018,0.79469198,0.777064979,0.777962983,0.783061981,0.794569016,0.812353015,0.836798012,0.866728008,0.884958983,0.891359985,17.89999962,17.60000038,,,,,,,,,,,,,,,,,,,,,,,,,,,,,,,,,,,,,,,,,,,,,,,,,,,,,,,,,,,,,,,,,,,,,,,,,,,,,,,,,,,,,,,,,,
0.013782,0.013778,0.020762,0.040451001,0.065053001,0.081790999,0.093085997,0.090526998,0.069182999,0.053886998,0.046723999,0.045024,0.042729001,0.043161001,0.049375001,0.062912002,0.083226003,0.104659997,0.133873001,0.177369997,0.229169995,0.263967007,0.279343009,0.285571992,0.285441995,0.283053994,0.27651,0.267652988,0.258029997,0.251109988,0.24594,0.237193003,0.226942003,0.217830002,0.211180002,0.212704003,0.227126002,0.260363996,0.293547988,0.305420995,0.291216999,0.289716989,0.279195994,0.267643988,0.260324001,0.252745986,0.244559005,0.239279002,0.247976005,0.289976001,0.381871015,0.47012499,0.508378983,0.505160987,0.485410005,0.464906991,0.44225201,0.426494986,0.426696003,0.446171999,0.460680008,0.453101993,0.448527992,0.449387014,0.451923996,0.457578987,0.46172899,0.463414997,0.455920011,0.444871992,0.433261991,0.433674991,0.460597992,0.502443016,0.528572977,0.557017982,0.554915011,0.547785997,0.564786017,0.551591992,0.548979998,0.549883008,0.556002021,0.567817986,0.585346997,0.607620001,0.621315002,0.625199974,9.300000191,17.10000038,,,,,,,,,,,,,,,,,,,,,,,,,,,,,,,,,,,,,,,,,,,,,,,,,,,,,,,,,,,,,,,,,,,,,,,,,,,,,,,,,,,,,,,,,,
0.021903001,0.024137,0.038856,0.077702001,0.121083997,0.148010999,0.165230006,0.160780996,0.129060999,0.106558003,0.095738001,0.093480997,0.091834001,0.096450001,0.112450004,0.140568003,0.175133005,0.210748002,0.270112008,0.366147995,0.462565005,0.518836975,0.541154981,0.546720982,0.538976014,0.526301026,0.507577002,0.487928987,0.46863699,0.453628987,0.441204995,0.424973011,0.407826006,0.392657012,0.381523997,0.382555008,0.403019011,0.451611012,0.500836015,0.520374,0.501546979,0.501389027,0.488180995,0.473093987,0.462419003,0.450958997,0.439815998,0.436883986,0.465528011,0.563974023,0.742614985,0.884288013,0.937357009,0.929966986,0.896894991,0.858838975,0.818195999,0.786794007,0.776422024,0.791772008,0.801787019,0.784168005,0.772314012,0.768832028,0.769396007,0.775470972,0.780914009,0.783116996,0.771945,0.754709005,0.736779988,0.736805975,0.775362015,0.834563971,0.871886015,0.912100971,0.909780026,0.902701974,0.928315997,0.914767981,0.915795982,0.92157203,0.934207022,0.953296006,0.978725016,1.008890033,1.027829051,1.035043001,16.70000076,15.30000019,,,,,,,,,,,,,,,,,,,,,,,,,,,,,,,,,,,,,,,,,,,,,,,,,,,,,,,,,,,,,,,,,,,,,,,,,,,,,,,,,,,,,,,,,,
-0.020982999,-0.019742001,-0.008431,0.021569001,0.056626,0.078985997,0.094769999,0.093193002,0.066124998,0.04597,0.036364,0.033856999,0.030973,0.032469001,0.042452,0.062325001,0.089635998,0.117609002,0.156974003,0.218238995,0.288762987,0.335025996,0.354799986,0.361883014,0.359744012,0.353549987,0.342312008,0.329768986,0.317425996,0.308200985,0.300727993,0.288937002,0.274939001,0.262304992,0.252986014,0.253538996,0.269533992,0.308724999,0.349767,0.365711987,0.348995,0.348744988,0.337711006,0.324488014,0.315690994,0.306412995,0.296146005,0.290208995,0.304381996,0.364917994,0.490530998,0.605184019,0.652437985,0.646481991,0.618812978,0.588832021,0.557787001,0.536029995,0.533743024,0.554318011,0.571187973,0.565182984,0.561152995,0.561819971,0.562539995,0.565367997,0.566498995,0.565459013,0.554403007,0.539381027,0.525753021,0.528319001,0.562247992,0.61363101,0.644518018,0.678792,0.680675983,0.675212979,0.696022987,0.681684971,0.679630995,0.681846023,0.690890014,0.707257986,0.731162012,0.759460986,0.778849006,0.785161972,9.399999619,21.79999924,,,,,,,,,,,,,,,,,,,,,,,,,,,,,,,,,,,,,,,,,,,,,,,,,,,,,,,,,,,,,,,,,,,,,,,,,,,,,,,,,,,,,,,,,,
0.020098999,0.022136001,0.036355,0.073265001,0.113838002,0.139102995,0.154992998,0.150673002,0.120903,0.099849001,0.08969,0.087618999,0.086061999,0.090364002,0.105249003,0.131345004,0.163294002,0.196372002,0.251437008,0.340164006,0.429529011,0.481732011,0.502656996,0.507969022,0.500482976,0.488891989,0.471832991,0.452996999,0.434401989,0.420058012,0.408407003,0.393269002,0.377492011,0.363454998,0.353188992,0.354286999,0.373858988,0.419824004,0.466434985,0.485338002,0.467137009,0.466569006,0.453512996,0.438946009,0.428882003,0.418090999,0.407620996,0.404911995,0.431428999,0.524151981,0.696627021,0.838322997,0.893703997,0.886938989,0.853276014,0.815147996,0.774013996,0.742475987,0.731841981,0.747251988,0.756886005,0.737064004,0.723977983,0.720169008,0.721220017,0.728803992,0.735715985,0.73920399,0.728636026,0.711803019,0.693315029,0.69215101,0.729816973,0.789669991,0.828086019,0.869828999,0.865822017,0.856599987,0.883731008,0.868650019,0.869711995,0.875643015,0.888323009,0.907221019,0.932321012,0.963163018,0.981902003,0.988995016,16.39999962,15.39999962,,,,,,,,,,,,,,,,,,,,,,,,,,,,,,,,,,,,,,,,,,,,,,,,,,,,,,,,,,,,,,,,,,,,,,,,,,,,,,,,,,,,,,,,,,
-0.012375,-0.010668,0.00209,0.035146002,0.072899997,0.096130997,0.112503,0.110336997,0.080848999,0.059427001,0.049357999,0.046944,0.044550002,0.046838,0.058033999,0.079264,0.107450999,0.136471003,0.179413006,0.244468004,0.315266997,0.359448999,0.377811998,0.38361299,0.380071014,0.373356998,0.361871988,0.348809004,0.335584998,0.325740993,0.317745,0.306051999,0.293112993,0.281551004,0.273288995,0.27521199,0.292688996,0.334628999,0.379052997,0.395323008,0.37607801,0.375941008,0.363436997,0.349094003,0.339872986,0.330244988,0.320232004,0.315093994,0.330945998,0.394995004,0.523433983,0.63716203,0.683965981,0.678525984,0.651439011,0.621810973,0.59048599,0.567659974,0.563386977,0.581529975,0.594797015,0.583760023,0.576749027,0.576313019,0.578336,0.584066987,0.587819994,0.589244008,0.579563022,0.565079987,0.551082015,0.552587986,0.586740017,0.639096975,0.672487974,0.711179018,0.708620012,0.699552,0.723136008,0.707184017,0.706411004,0.709526002,0.718320012,0.733253002,0.754181981,0.780274987,0.796576023,0.801536024,13.19999981,18.70000076,,,,,,,,,,,,,,,,,,,,,,,,,,,,,,,,,,,,,,,,,,,,,,,,,,,,,,,,,,,,,,,,,,,,,,,,,,,,,,,,,,,,,,,,,,
-0.03926,-0.038502,-0.028495001,-0.003482,0.025768001,0.045626,0.058359001,0.055566002,0.032120001,0.015101,0.007096,0.005604,0.003056,0.003402,0.01006,0.024630999,0.046789002,0.069408998,0.098006003,0.137768999,0.186490998,0.220651999,0.236599997,0.243573993,0.245067999,0.24492,0.239913002,0.232025996,0.222856998,0.216497004,0.211972997,0.203796998,0.194177002,0.185598999,0.179254994,0.181085005,0.196279004,0.229877994,0.262140006,0.274053991,0.259772003,0.257261992,0.245829999,0.233973995,0.226845995,0.219407007,0.211117998,0.205332995,0.212203994,0.248804003,0.331717998,0.415091008,0.454391003,0.454017997,0.437056989,0.419762999,0.399369001,0.385017991,0.38648501,0.407510012,0.422369003,0.413336009,0.408273995,0.409547001,0.413361996,0.420767009,0.427094996,0.430512995,0.423848987,0.412992001,0.401122004,0.400765002,0.427230001,0.46853599,0.495009005,0.524164975,0.519698024,0.510734022,0.528149009,0.513197005,0.510067999,0.510282993,0.515383005,0.525530994,0.541629016,0.562969029,0.574617028,0.57644999,7.5,16.10000038,,,,,,,,,,,,,,,,,,,,,,,,,,,,,,,,,,,,,,,,,,,,,,,,,,,,,,,,,,,,,,,,,,,,,,,,,,,,,,,,,,,,,,,,,,
-0.011682,-0.009892,0.002689,0.035778001,0.073629998,0.096629001,0.113259003,0.111557998,0.082433999,0.061055999,0.050985999,0.048446,0.046068002,0.048471998,0.059884001,0.081367999,0.109646,0.138701007,0.182056993,0.248347998,0.32001099,0.364407003,0.382645011,0.388191998,0.384609014,0.377936006,0.364975989,0.351235986,0.338027,0.328173012,0.319934011,0.308187008,0.295067012,0.283279002,0.274785996,0.276439011,0.293219,0.334881008,0.379702002,0.395732999,0.376112014,0.376480013,0.364304006,0.350194007,0.340849996,0.331194997,0.321274996,0.316192001,0.332863987,0.398164988,0.528707981,0.642714977,0.689046979,0.682671011,0.654725015,0.624046028,0.592155993,0.568965018,0.564433992,0.581965983,0.594669998,0.584324002,0.577840984,0.577386022,0.57891202,0.58384198,0.586483002,0.586974025,0.576837003,0.562204003,0.548443973,0.550508022,0.585195005,0.63834703,0.672294021,0.712131023,0.708894014,0.700441003,0.724758029,0.708791971,0.70846498,0.711742997,0.720991015,0.736320019,0.757754028,0.784258008,0.800875008,0.806551993,12.69999981,21,,,,,,,,,,,,,,,,,,,,,,,,,,,,,,,,,,,,,,,,,,,,,,,,,,,,,,,,,,,,,,,,,,,,,,,,,,,,,,,,,,,,,,,,,,
-0.008059,-0.006366,0.006615,0.040297002,0.078580998,0.101848997,0.118496999,0.116571002,0.086696997,0.064914003,0.054683,0.052099999,0.049674999,0.052115999,0.063674003,0.085395999,0.113929004,0.143372998,0.187445998,0.254698008,0.327623993,0.372808009,0.391335994,0.396939009,0.392838001,0.385674,0.373147994,0.359151006,0.345391989,0.335162014,0.326770008,0.314828992,0.301687986,0.289961994,0.281572014,0.283520997,0.301198006,0.344294995,0.390789002,0.407869995,0.387549996,0.387479991,0.374601007,0.359661996,0.350109994,0.340153992,0.329917997,0.324698001,0.341398001,0.407983005,0.541628003,0.658895016,0.70658201,0.70053798,0.67227298,0.641246021,0.608694017,0.584891975,0.580021977,0.597976983,0.610819995,0.598757029,0.591189981,0.590489984,0.592549026,0.598541975,0.602315009,0.603856981,0.593759,0.578697026,0.564342976,0.566074014,0.601704001,0.656104982,0.691249013,0.732676029,0.72883302,0.718599975,0.743876994,0.726728022,0.726336002,0.729755998,0.738879979,0.753992975,0.775067985,0.801385999,0.817811012,0.822782993,13.39999962,19.79999924,,,,,,,,,,,,,,,,,,,,,,,,,,,,,,,,,,,,,,,,,,,,,,,,,,,,,,,,,,,,,,,,,,,,,,,,,,,,,,,,,,,,,,,,,,
-0.023529001,-0.022221001,-0.010273,0.020683,0.056598,0.078624003,0.094936997,0.093552999,0.064866997,0.043788999,0.033886999,0.031323001,0.028546,0.030004,0.039648,0.058889002,0.085607,0.113265999,0.151826993,0.208759993,0.273779005,0.315932006,0.333687991,0.3398,0.337787986,0.332998991,0.322851986,0.310966998,0.299293011,0.290820003,0.284013987,0.273407996,0.261106014,0.250025988,0.242152005,0.244124994,0.260591,0.30081299,0.34376201,0.358687013,0.339682996,0.339655012,0.327488989,0.31359899,0.304742008,0.29557699,0.285791993,0.279888988,0.29212299,0.346565992,0.460323989,0.564141989,0.607326984,0.602383018,0.577814996,0.551262975,0.523487985,0.503825009,0.501953006,0.521205008,0.535835028,0.528128028,0.523476005,0.524276972,0.526446998,0.531211019,0.533661008,0.534115017,0.524369001,0.51058501,0.498014003,0.500259996,0.532986999,0.582132995,0.613179028,0.648716986,0.646772981,0.63895601,0.660371006,0.645006001,0.643462002,0.645393014,0.652604997,0.666009009,0.685549974,0.709811986,0.725368023,0.729960024,10.60000038,21,,,,,,,,,,,,,,,,,,,,,,,,,,,,,,,,,,,,,,,,,,,,,,,,,,,,,,,,,,,,,,,,,,,,,,,,,,,,,,,,,,,,,,,,,,
-0.025164001,-0.023925999,-0.012733,0.016332,0.050368998,0.072007,0.087627999,0.086328,0.059301998,0.039305002,0.029913999,0.027534001,0.02469,0.025730001,0.034433998,0.052266002,0.07756,0.103629001,0.138873994,0.190347001,0.251150012,0.292073011,0.310191989,0.317054004,0.316428006,0.313109011,0.303889006,0.293164998,0.282350987,0.274497986,0.268285006,0.258246988,0.246472001,0.235792995,0.228066996,0.229751006,0.245895997,0.285037994,0.326595992,0.341785997,0.32298699,0.322299987,0.309906989,0.295991004,0.287308008,0.278391004,0.268671989,0.262322009,0.272920013,0.322575986,0.430545986,0.533600986,0.579111993,0.575815976,0.552182972,0.526826024,0.499514014,0.480416,0.479483992,0.500562012,0.516229987,0.507676005,0.502663016,0.503768027,0.506639004,0.512510002,0.516165972,0.517485023,0.508122027,0.494388998,0.481281996,0.483029008,0.516309023,0.567099989,0.599358976,0.636996985,0.633468986,0.62401998,0.646950007,0.629657984,0.627839983,0.629446983,0.636623025,0.649770975,0.669350982,0.694157004,0.70945102,0.713129997,8.899999619,22.20000076,,,,,,,,,,,,,,,,,,,,,,,,,,,,,,,,,,,,,,,,,,,,,,,,,,,,,,,,,,,,,,,,,,,,,,,,,,,,,,,,,,,,,,,,,,
-0.002268,-0.000548,0.011811,0.044651002,0.082268998,0.105044998,0.121678002,0.120079003,0.090651996,0.069238,0.059200998,0.056577001,0.054414,0.057248998,0.069262996,0.091479003,0.120177001,0.149875,0.196373001,0.268727988,0.345833987,0.392863989,0.411826998,0.417140007,0.411843002,0.402796,0.388352007,0.373032004,0.358393014,0.347306997,0.338050008,0.325316012,0.311331004,0.298925012,0.290019989,0.291613996,0.308923006,0.352005988,0.399064988,0.416794986,0.396623999,0.397186011,0.384957999,0.370274007,0.360633999,0.350573987,0.340319991,0.335770011,0.355152994,0.428963989,0.574250996,0.699257016,0.748871028,0.741456986,0.710446,0.676082015,0.640525997,0.614306986,0.607622027,0.624225974,0.636538982,0.624584019,0.616711974,0.615355015,0.616335988,0.620855987,0.623326004,0.623669982,0.612614989,0.596735001,0.582029998,0.584320009,0.621205986,0.677386999,0.713400006,0.755807996,0.753817976,0.744670987,0.770780027,0.754209995,0.754329979,0.758539021,0.768833995,0.785560012,0.808991015,0.837359011,0.855509996,0.861554027,13.60000038,20.70000076,,,,,,,,,,,,,,,,,,,,,,,,,,,,,,,,,,,,,,,,,,,,,,,,,,,,,,,,,,,,,,,,,,,,,,,,,,,,,,,,,,,,,,,,,,
-0.023806,-0.022564,-0.011449,0.017518001,0.051173002,0.072633997,0.087895997,0.086534001,0.060199998,0.040552001,0.031237001,0.028882001,0.026137,0.027372999,0.036424998,0.054637,0.080086,0.106109001,0.142195001,0.196667999,0.260338992,0.302792996,0.321399003,0.328224987,0.327176988,0.323307008,0.312853992,0.300978005,0.289389998,0.280934006,0.274242014,0.263565987,0.251067996,0.239779994,0.231510997,0.232755005,0.248838008,0.287858009,0.329003006,0.344687015,0.326606989,0.325839013,0.313778997,0.300051004,0.29133901,0.282334,0.272514999,0.266398996,0.278634995,0.332985997,0.450004995,0.560279012,0.607979,0.603870988,0.578136027,0.550329983,0.520779014,0.499839991,0.498218,0.519566,0.535712004,0.526594997,0.521018982,0.52167201,0.524098992,0.529727995,0.533497989,0.534578025,0.524748981,0.510249019,0.496271014,0.498021007,0.532406986,0.585075975,0.617945015,0.655815005,0.653445005,0.644506991,0.667544007,0.650590003,0.648532987,0.650485992,0.658504009,0.672989011,0.694459975,0.721059978,0.737703979,0.742260993,9,20.79999924,,,,,,,,,,,,,,,,,,,,,,,,,,,,,,,,,,,,,,,,,,,,,,,,,,,,,,,,,,,,,,,,,,,,,,,,,,,,,,,,,,,,,,,,,,
-0.025323,-0.024157001,-0.013258,0.01465,0.047077,0.067657001,0.082376003,0.081058003,0.055456001,0.036561999,0.027655,0.025385,0.022756999,0.023877,0.032356001,0.049454,0.073446997,0.098228998,0.132407993,0.183188006,0.243610993,0.284862012,0.303541988,0.310689002,0.309819996,0.306441009,0.297064006,0.285872012,0.274715006,0.266667008,0.26038599,0.250321001,0.238524005,0.227844,0.220084995,0.221467003,0.236961007,0.274897009,0.315257996,0.330273002,0.312281013,0.311374009,0.29953,0.28589201,0.277305007,0.268424004,0.258794993,0.25267601,0.263610005,0.313814014,0.423357993,0.529107988,0.576563001,0.573857009,0.549709022,0.523357987,0.495196015,0.475158989,0.473154008,0.493063986,0.508295,0.499460012,0.493999004,0.494639009,0.497114986,0.502579987,0.506080985,0.507102013,0.497565001,0.483592987,0.470355988,0.471850008,0.504850984,0.555185974,0.586911023,0.623520017,0.62102598,0.611759007,0.634105027,0.617515028,0.615845025,0.61759299,0.625056982,0.638750017,0.658631027,0.683930993,0.699217022,0.703116,10,21,,,,,,,,,,,,,,,,,,,,,,,,,,,,,,,,,,,,,,,,,,,,,,,,,,,,,,,,,,,,,,,,,,,,,,,,,,,,,,,,,,,,,,,,,,
